{
  "project_info": {
    "project_number": "924709444995",
    "firebase_url": "https://notificacionesfcm-787d7.firebaseio.com",
    "project_id": "notificacionesfcm-787d7",
    "storage_bucket": "notificacionesfcm-787d7.appspot.com"
  },
  "client": [
    {
      "client_info": {
        "mobilesdk_app_id": "1:924709444995:android:21302c4e7c74d87c",
        "android_client_info": {
          "package_name": "com.example.notificacionesfcm"
        }
      },
      "oauth_client": [
        {
          "client_id": "924709444995-dt58q0kijbt4joums5fdcpsroh9ue8bj.apps.googleusercontent.com",
          "client_type": 1,
          "android_info": {
            "package_name": "com.example.notificacionesfcm",
            "certificate_hash": "f43061a81a062202c23212ce2cd4203cc24404a7"
          }
        },
        {
          "client_id": "924709444995-t0sc3mutro1q96b1ncnajkcql8m8e18s.apps.googleusercontent.com",
          "client_type": 3
        }
      ],
      "api_key": [
        {
          "current_key": "AIzaSyDSEoLckT24s2mLqVMRr3i39RwxLmlocwg"
        }
      ],
      "services": {
        "analytics_service": {
          "status": 1
        },
        "appinvite_service": {
          "status": 2,
          "other_platform_oauth_client": [
            {
              "client_id": "924709444995-t0sc3mutro1q96b1ncnajkcql8m8e18s.apps.googleusercontent.com",
              "client_type": 3
            }
          ]
        },
        "ads_service": {
          "status": 2
        }
      }
    }
  ],
  "configuration_version": "1"
}