{"v":"5.5.6","fr":60,"ip":0,"op":165,"w":200,"h":200,"nm":"Comp 1","ddd":1,"assets":[{"id":"comp_0","layers":[{"ddd":0,"ind":1,"ty":1,"nm":"1","sr":1,"ks":{"o":{"a":0,"k":100,"ix":11},"r":{"a":0,"k":0,"ix":10},"p":{"a":1,"k":[{"i":{"x":0.667,"y":1},"o":{"x":0,"y":0},"t":76,"s":[-120,100,0],"to":[36.667,0,0],"ti":[-36.667,0,0]},{"t":112,"s":[100,100,0]}],"ix":2},"a":{"a":0,"k":[100,100,0],"ix":1},"s":{"a":0,"k":[100,100,100],"ix":6}},"ao":0,"hasMask":true,"masksProperties":[{"inv":false,"mode":"f","pt":{"a":0,"k":{"i":[[66.666,0],[0,-15],[-66.667,0],[0,15]],"o":[[0,15],[66.666,0],[0,-15],[-66.667,0]],"v":[[0,77],[0,122],[200,122],[200,77]],"c":true},"ix":1},"o":{"a":0,"k":100,"ix":3},"x":{"a":0,"k":0,"ix":4},"nm":"Mask 2"}],"sw":200,"sh":200,"sc":"#5dadce","ip":43,"op":113,"st":0,"bm":0},{"ddd":1,"ind":2,"ty":3,"nm":"Null 1","sr":1,"ks":{"o":{"a":0,"k":0,"ix":11},"rx":{"a":0,"k":0,"ix":8},"ry":{"a":0,"k":0,"ix":9},"rz":{"a":0,"k":0,"ix":10},"or":{"a":1,"k":[{"i":{"x":0.667,"y":1},"o":{"x":0.167,"y":0},"t":43,"s":[0,0,0],"to":[0,0,0],"ti":[180,0,0]},{"t":76,"s":[0,180,0]}],"ix":7},"p":{"a":0,"k":[100,100,0],"ix":2},"a":{"a":0,"k":[0,0,0],"ix":1},"s":{"a":1,"k":[{"i":{"x":[0.667,0.667,0.667],"y":[1,1,1]},"o":{"x":[0.333,0.333,0.333],"y":[0,0,0]},"t":0,"s":[0,0,100]},{"i":{"x":[0.667,0.667,0.667],"y":[1,1,1]},"o":{"x":[0.333,0.333,0.333],"y":[0,0,0]},"t":43,"s":[100,100,100]},{"i":{"x":[0.667,0.667,0.667],"y":[1,1,1]},"o":{"x":[0.167,0.167,0.167],"y":[0,0,0]},"t":57.301,"s":[80,80,100]},{"i":{"x":[0.667,0.667,0.667],"y":[1,1,1]},"o":{"x":[0.167,0.167,0.167],"y":[0,0,0]},"t":76,"s":[100,100,100]},{"t":112,"s":[0,0,100]}],"ix":6}},"ao":0,"ip":0,"op":113,"st":0,"bm":0},{"ddd":1,"ind":3,"ty":1,"nm":"2","parent":2,"sr":1,"ks":{"o":{"a":0,"k":100,"ix":11},"rx":{"a":0,"k":0,"ix":8},"ry":{"a":0,"k":0,"ix":9},"rz":{"a":0,"k":0,"ix":10},"or":{"a":0,"k":[0,9.53,0],"ix":7},"p":{"a":0,"k":[-0.007,0,-0.083],"ix":2},"a":{"a":0,"k":[100,100,0],"ix":1},"s":{"a":0,"k":[-100,100,100],"ix":6}},"ao":0,"hasMask":true,"masksProperties":[{"inv":false,"mode":"a","pt":{"a":0,"k":{"i":[[25.125,-0.188],[-0.5,-31],[-49.25,-45.75],[0,0],[0,0]],"o":[[-31.625,0.562],[0.5,31],[14.5,12.5],[0,0],[0,0]],"v":[[62.375,7.438],[11.688,71.75],[76.5,171],[100.5,194],[100.25,32.25]],"c":true},"ix":1},"o":{"a":0,"k":100,"ix":3},"x":{"a":0,"k":0,"ix":4},"nm":"Mask 1"}],"sw":200,"sh":200,"sc":"#4590b6","ip":0,"op":113,"st":0,"bm":0},{"ddd":1,"ind":4,"ty":1,"nm":"1","parent":2,"sr":1,"ks":{"o":{"a":0,"k":100,"ix":11},"rx":{"a":0,"k":0,"ix":8},"ry":{"a":0,"k":0,"ix":9},"rz":{"a":0,"k":0,"ix":10},"or":{"a":0,"k":[0,350.47,0],"ix":7},"p":{"a":0,"k":[0.007,0,-0.083],"ix":2},"a":{"a":0,"k":[100,100,0],"ix":1},"s":{"a":0,"k":[100,100,100],"ix":6}},"ao":0,"hasMask":true,"masksProperties":[{"inv":false,"mode":"a","pt":{"a":0,"k":{"i":[[25.125,-0.188],[-0.5,-31],[-49.25,-45.75],[0,0],[0,0]],"o":[[-31.625,0.562],[0.5,31],[14.5,12.5],[0,0],[0,0]],"v":[[62.375,7.438],[11.688,71.75],[76.5,171],[100.5,194],[100.25,32.25]],"c":true},"ix":1},"o":{"a":0,"k":100,"ix":3},"x":{"a":0,"k":0,"ix":4},"nm":"Mask 1"}],"sw":200,"sh":200,"sc":"#5dadce","ip":0,"op":113,"st":0,"bm":0},{"ddd":0,"ind":5,"ty":1,"nm":"1","sr":1,"ks":{"o":{"a":0,"k":100,"ix":11},"r":{"a":0,"k":0,"ix":10},"p":{"a":1,"k":[{"i":{"x":0.667,"y":1},"o":{"x":0.167,"y":0.167},"t":76,"s":[100,50,0],"to":[0,8.333,0],"ti":[0,-8.333,0]},{"t":112,"s":[100,100,0]}],"ix":2},"a":{"a":0,"k":[100,100,0],"ix":1},"s":{"a":0,"k":[100,100,100],"ix":6}},"ao":0,"hasMask":true,"masksProperties":[{"inv":false,"mode":"f","pt":{"a":0,"k":{"i":[[-66.667,0],[0,1],[1.658,1.658],[4.116,0],[56.559,0],[1.512,-1.512],[0,-4.526],[0,-5.774]],"o":[[0,-1],[0,-3.567],[-0.247,-0.247],[-56.824,0],[-3.436,0],[-1.79,1.79],[0,11.374],[66.666,0]],"v":[[200,45],[200,42],[200,0],[188,0],[25,0],[0,0],[0,22],[0,45]],"c":true},"ix":1},"o":{"a":0,"k":100,"ix":3},"x":{"a":0,"k":0,"ix":4},"nm":"Mask 1"}],"sw":200,"sh":200,"sc":"#5dadce","ip":43,"op":113,"st":0,"bm":0},{"ddd":0,"ind":6,"ty":1,"nm":"1","sr":1,"ks":{"o":{"a":0,"k":100,"ix":11},"r":{"a":0,"k":0,"ix":10},"p":{"a":1,"k":[{"i":{"x":0.667,"y":1},"o":{"x":0.167,"y":0.167},"t":76,"s":[100,150,0],"to":[0,-8.333,0],"ti":[0,8.333,0]},{"t":112,"s":[100,100,0]}],"ix":2},"a":{"a":0,"k":[100,100,0],"ix":1},"s":{"a":0,"k":[100,100,100],"ix":6}},"ao":0,"hasMask":true,"masksProperties":[{"inv":false,"mode":"f","pt":{"a":0,"k":{"i":[[66.666,0],[0,-1],[-1.658,-1.658],[-4.116,0],[-56.559,0],[-1.512,1.512],[0,4.526],[0,5.774]],"o":[[0,1],[0,3.567],[0.247,0.247],[56.824,0],[3.436,0],[1.79,-1.79],[0,-11.374],[-66.667,0]],"v":[[0,155],[0,158],[0,200],[12,200],[175,200],[200,200],[200,178],[200,155]],"c":true},"ix":1},"o":{"a":0,"k":100,"ix":3},"x":{"a":0,"k":0,"ix":4},"nm":"Mask 3"}],"sw":200,"sh":200,"sc":"#5dadce","ip":43,"op":113,"st":0,"bm":0},{"ddd":1,"ind":7,"ty":1,"nm":"White Solid 1","sr":1,"ks":{"o":{"a":0,"k":100,"ix":11},"rx":{"a":0,"k":0,"ix":8},"ry":{"a":0,"k":0,"ix":9},"rz":{"a":0,"k":0,"ix":10},"or":{"a":0,"k":[0,0,0],"ix":7},"p":{"a":0,"k":[100,100,165],"ix":2},"a":{"a":0,"k":[100,100,0],"ix":1},"s":{"a":0,"k":[168,168,168],"ix":6}},"ao":0,"hasMask":true,"masksProperties":[{"inv":false,"mode":"a","pt":{"a":1,"k":[{"i":{"x":0,"y":1},"o":{"x":0.167,"y":0.167},"t":0,"s":[{"i":[[0,0],[0,0],[0,0],[0,0]],"o":[[0,0],[0,0],[0,0],[0,0]],"v":[[100,100],[100,100],[100,100],[100,100]],"c":true}]},{"i":{"x":0,"y":1},"o":{"x":0.167,"y":0.167},"t":57.301,"s":[{"i":[[87.261,0],[0,-87.261],[-87.261,0],[0,87.261]],"o":[[-87.261,0],[0,87.261],[87.261,0],[0,-87.261]],"v":[[100,-58],[-58,100],[100,258],[258,100]],"c":true}]},{"t":76,"s":[{"i":[[87.261,0],[0,-87.261],[-87.261,0],[0,87.261]],"o":[[-87.261,0],[0,87.261],[87.261,0],[0,-87.261]],"v":[[100,-58],[-58,100],[100,258],[258,100]],"c":true}]}],"ix":1},"o":{"a":0,"k":100,"ix":3},"x":{"a":0,"k":0,"ix":4},"nm":"Mask 1"}],"sw":200,"sh":200,"sc":"#ffffff","ip":0,"op":113,"st":0,"bm":0}]}],"layers":[{"ddd":0,"ind":1,"ty":0,"nm":"heart ON","refId":"comp_0","sr":1,"ks":{"o":{"a":0,"k":100,"ix":11},"r":{"a":0,"k":0,"ix":10},"p":{"a":0,"k":[100,100,0],"ix":2},"a":{"a":0,"k":[100,100,0],"ix":1},"s":{"a":0,"k":[100,100,100],"ix":6}},"ao":0,"w":200,"h":200,"ip":0,"op":113,"st":0,"bm":0}],"markers":[]}