{"v":"5.5.6","fr":60,"ip":0,"op":79,"w":143,"h":63,"nm":"backBTN","ddd":0,"assets":[],"fonts":{"list":[{"fName":"SignPainter-HouseScriptSemibold","fFamily":"SignPainter","fStyle":"HouseScript Semibold","ascent":65.8196313474327}]},"layers":[{"ddd":0,"ind":1,"ty":1,"nm":"Medium Royal Blue Solid 1","td":1,"sr":1,"ks":{"o":{"a":0,"k":100,"ix":11},"r":{"a":0,"k":0,"ix":10},"p":{"a":1,"k":[{"i":{"x":0.168,"y":1},"o":{"x":0.167,"y":0.167},"t":0,"s":[-73.5,31.5,0],"to":[24.167,0,0],"ti":[-24.167,0,0]},{"t":40,"s":[71.5,31.5,0]}],"ix":2},"a":{"a":0,"k":[71.5,31.5,0],"ix":1},"s":{"a":0,"k":[100,100,100],"ix":6}},"ao":0,"hasMask":true,"masksProperties":[{"inv":false,"mode":"a","pt":{"a":1,"k":[{"i":{"x":0.667,"y":1},"o":{"x":0.333,"y":0},"t":15,"s":[{"i":[[0,0],[0,0],[0,0],[0,0],[0,0]],"o":[[0,0],[0,0],[0,0],[0,0],[0,0]],"v":[[23.75,-1.5],[22,32],[22.5,63.75],[143.25,63.75],[143.25,-1.25]],"c":true}]},{"i":{"x":0.667,"y":1},"o":{"x":0.333,"y":0},"t":54,"s":[{"i":[[0,0],[0,0],[0,0],[0,0],[0,0]],"o":[[0,0],[0,0],[0,0],[0,0],[0,0]],"v":[[23.75,-1.5],[1,32],[22.5,63.75],[143.25,63.75],[143.25,-1.25]],"c":true}]},{"t":78,"s":[{"i":[[0,0],[0,0],[0,0],[0,0],[0,0]],"o":[[0,0],[0,0],[0,0],[0,0],[0,0]],"v":[[23.75,-1.5],[3.625,32],[22.5,63.75],[143.25,63.75],[143.25,-1.25]],"c":true}]}],"ix":1},"o":{"a":0,"k":100,"ix":3},"x":{"a":0,"k":0,"ix":4},"nm":"Mask 1"}],"sw":143,"sh":63,"sc":"#3a85c3","ip":0,"op":79,"st":0,"bm":0},{"ddd":0,"ind":2,"ty":5,"nm":"Go Back","tt":1,"sr":1,"ks":{"o":{"a":0,"k":100,"ix":11},"r":{"a":0,"k":0,"ix":10},"p":{"a":1,"k":[{"i":{"x":0.259,"y":1},"o":{"x":0.167,"y":0.167},"t":0,"s":[78,100,0],"to":[0,-9.25,0],"ti":[0,9.25,0]},{"t":35,"s":[78,44.5,0]}],"ix":2},"a":{"a":0,"k":[0,0,0],"ix":1},"s":{"a":0,"k":[100,100,100],"ix":6}},"ao":0,"t":{"d":{"k":[{"s":{"s":45,"f":"SignPainter-HouseScriptSemibold","t":"Go Back","j":2,"tr":0,"lh":54,"ls":0,"fc":[1,1,1],"sc":[0,0,0],"sw":0.00999999977648,"of":true},"t":0}]},"p":{},"m":{"g":1,"a":{"a":0,"k":[0,0],"ix":2}},"a":[]},"ip":0,"op":79,"st":0,"bm":0},{"ddd":0,"ind":3,"ty":1,"nm":"Medium Gray-Purple Solid 1","sr":1,"ks":{"o":{"a":0,"k":100,"ix":11},"r":{"a":0,"k":0,"ix":10},"p":{"a":1,"k":[{"i":{"x":0.168,"y":1},"o":{"x":0.167,"y":0.167},"t":0,"s":[-73.5,31.5,0],"to":[24.167,0,0],"ti":[-24.167,0,0]},{"t":40,"s":[71.5,31.5,0]}],"ix":2},"a":{"a":0,"k":[71.5,31.5,0],"ix":1},"s":{"a":0,"k":[100,100,100],"ix":6}},"ao":0,"hasMask":true,"masksProperties":[{"inv":false,"mode":"a","pt":{"a":1,"k":[{"i":{"x":0.667,"y":1},"o":{"x":0.333,"y":0},"t":15,"s":[{"i":[[0,0],[0,0],[0,0],[0,0],[0,0]],"o":[[0,0],[0,0],[0,0],[0,0],[0,0]],"v":[[23.75,-1.5],[22,32],[22.5,63.75],[143.25,63.75],[143.25,-1.25]],"c":true}]},{"i":{"x":0.667,"y":1},"o":{"x":0.333,"y":0},"t":54,"s":[{"i":[[0,0],[0,0],[0,0],[0,0],[0,0]],"o":[[0,0],[0,0],[0,0],[0,0],[0,0]],"v":[[23.75,-1.5],[1,32],[22.5,63.75],[143.25,63.75],[143.25,-1.25]],"c":true}]},{"t":78,"s":[{"i":[[0,0],[0,0],[0,0],[0,0],[0,0]],"o":[[0,0],[0,0],[0,0],[0,0],[0,0]],"v":[[23.75,-1.5],[3.625,32],[22.5,63.75],[143.25,63.75],[143.25,-1.25]],"c":true}]}],"ix":1},"o":{"a":0,"k":100,"ix":3},"x":{"a":0,"k":0,"ix":4},"nm":"Mask 1"}],"sw":143,"sh":63,"sc":"#9169ab","ip":0,"op":79,"st":0,"bm":0}],"markers":[],"chars":[{"ch":"G","size":45,"style":"HouseScript Semibold","w":50,"data":{"shapes":[{"ty":"gr","it":[{"ind":0,"ty":"sh","ix":1,"ks":{"a":0,"k":{"i":[[0.604,1.511],[5.539,-0.101],[3.424,-0.504],[4.028,-0.101],[-0.604,-1.511],[-5.237,0.403],[-2.618,0.504],[5.338,0],[0,7.755],[-5.338,8.157],[-2.921,-3.021],[2.82,-7.251],[0,-1.108],[-1.913,-1.511],[-0.504,1.309],[-1.108,2.618],[0,1.511],[4.834,3.525],[2.618,0],[2.921,-1.007],[0,-21.451],[-3.827,-2.719],[-3.525,0],[-2.216,0.604],[2.014,9.366],[-1.511,-0.101]],"o":[[-1.41,-3.223],[-3.021,0],[-3.726,0.705],[-2.014,0],[1.511,3.122],[2.014,-0.201],[-4.733,8.862],[-3.223,0],[0,-6.445],[9.064,-13.797],[1.108,1.108],[-0.806,2.115],[0,3.122],[1.913,1.511],[1.108,-2.921],[0.906,-2.115],[0,-2.719],[-1.712,-1.208],[-2.216,0],[-11.38,3.928],[0,8.359],[3.122,2.417],[2.719,0],[5.136,-1.41],[2.216,-0.201],[2.82,0.201]],"v":[[49.951,-21.552],[39.981,-26.99],[30.414,-25.882],[18.631,-24.371],[16.718,-21.854],[27.292,-16.818],[34.341,-17.825],[17.12,-3.424],[11.38,-13.797],[18.631,-36.96],[45.721,-56.396],[43.002,-45.218],[42.096,-40.887],[45.721,-34.241],[49.347,-35.046],[53.174,-44.513],[54.483,-49.951],[48.34,-60.928],[41.492,-62.842],[34.14,-61.633],[2.316,-17.221],[9.366,-1.511],[19.437,1.712],[26.889,0.604],[42.197,-19.135],[47.836,-19.235]],"c":true},"ix":2},"nm":"G","mn":"ADBE Vector Shape - Group","hd":false}],"nm":"G","np":3,"cix":2,"bm":0,"ix":1,"mn":"ADBE Vector Group","hd":false}]},"fFamily":"SignPainter"},{"ch":"o","size":45,"style":"HouseScript Semibold","w":33.2,"data":{"shapes":[{"ty":"gr","it":[{"ind":0,"ty":"sh","ix":1,"ks":{"a":0,"k":{"i":[[-0.705,0.806],[2.618,0],[2.82,3.323],[2.921,0],[4.532,-8.057],[0,-4.431],[-1.913,-2.518],[-3.323,0],[-0.906,0.302],[-2.115,8.359]],"o":[[0.806,-1.007],[0.906,-8.56],[-1.913,-2.618],[-6.647,0],[-2.618,4.733],[0,3.223],[2.82,3.726],[1.511,0],[7.654,-2.618],[1.108,-0.201]],"v":[[34.744,-21.35],[32.73,-23.264],[27.997,-35.852],[21.35,-39.578],[3.827,-26.486],[-0.403,-12.387],[2.417,-3.625],[12.286,1.511],[15.912,0.906],[32.126,-19.94]],"c":true},"ix":2},"nm":"o","mn":"ADBE Vector Shape - Group","hd":false},{"ind":1,"ty":"sh","ix":2,"ks":{"a":0,"k":{"i":[[1.007,-2.316],[0,1.813],[-0.604,0],[0,-1.511]],"o":[[-1.108,-1.309],[0,-1.611],[0.705,0],[0,1.309]],"v":[[25.177,-25.278],[23.566,-31.018],[25.076,-33.435],[26.587,-31.32]],"c":true},"ix":2},"nm":"o","mn":"ADBE Vector Shape - Group","hd":false},{"ind":2,"ty":"sh","ix":3,"ks":{"a":0,"k":{"i":[[0,3.021],[-2.618,4.834],[-2.115,2.014],[-3.223,-2.014],[1.511,-2.618],[2.618,0]],"o":[[0,-3.726],[1.712,-3.021],[0.806,3.525],[-0.604,2.115],[-3.726,6.848],[-1.511,0]],"v":[[7.452,-7.855],[11.682,-22.055],[17.422,-29.608],[23.566,-21.451],[20.242,-14.2],[9.869,-3.625]],"c":true},"ix":2},"nm":"o","mn":"ADBE Vector Shape - Group","hd":false}],"nm":"o","np":6,"cix":2,"bm":0,"ix":1,"mn":"ADBE Vector Group","hd":false}]},"fFamily":"SignPainter"},{"ch":" ","size":45,"style":"HouseScript Semibold","w":22,"data":{},"fFamily":"SignPainter"},{"ch":"B","size":45,"style":"HouseScript Semibold","w":41.4,"data":{"shapes":[{"ty":"gr","it":[{"ind":0,"ty":"sh","ix":1,"ks":{"a":0,"k":{"i":[[0,-1.208],[-4.23,-2.014],[-1.813,0],[-1.41,0.302],[-4.129,4.532],[0,2.82],[3.021,1.813],[-2.518,3.424],[0,3.525],[7.05,-0.604],[6.143,-0.403],[-0.604,-1.41],[-3.525,-0.504],[3.827,-10.574]],"o":[[0,3.223],[1.511,0.705],[1.208,0],[5.64,-1.309],[2.82,-2.921],[0,-3.928],[6.546,-3.223],[2.518,-3.223],[0,-11.581],[-7.755,0.705],[-2.014,0.101],[0.806,1.611],[-7.05,10.776],[-0.906,2.316]],"v":[[-0.101,-8.661],[7.15,0.604],[11.884,1.611],[16.113,1.208],[34.039,-8.258],[37.967,-17.322],[32.529,-26.285],[47.131,-37.766],[51.462,-48.642],[38.269,-63.345],[15.509,-57.404],[13.596,-54.987],[19.839,-50.656],[1.41,-14.703]],"c":true},"ix":2},"nm":"B","mn":"ADBE Vector Shape - Group","hd":false},{"ind":1,"ty":"sh","ix":2,"ks":{"a":0,"k":{"i":[[-1.108,2.115],[0.101,2.216],[-2.719,0],[0,-2.115],[16.516,-4.431]],"o":[[2.417,-4.532],[6.546,-2.216],[1.712,0],[0.101,6.747],[4.532,-7.452]],"v":[[25.479,-42.197],[28.5,-51.865],[41.895,-55.591],[45.319,-52.167],[18.43,-30.212]],"c":true},"ix":2},"nm":"B","mn":"ADBE Vector Shape - Group","hd":false},{"ind":2,"ty":"sh","ix":3,"ks":{"a":0,"k":{"i":[[1.309,-1.611],[5.841,-0.705],[-0.906,2.82],[-2.518,4.935],[-3.827,0.806],[0,-1.813]],"o":[[-4.129,5.136],[-2.115,0.302],[1.41,-4.431],[2.115,0.604],[4.532,0.403],[0,1.41]],"v":[[28.802,-15.005],[10.474,-5.136],[8.459,-8.661],[14.804,-23.163],[24.573,-23.566],[30.917,-19.739]],"c":true},"ix":2},"nm":"B","mn":"ADBE Vector Shape - Group","hd":false}],"nm":"B","np":6,"cix":2,"bm":0,"ix":1,"mn":"ADBE Vector Group","hd":false}]},"fFamily":"SignPainter"},{"ch":"a","size":45,"style":"HouseScript Semibold","w":40.7,"data":{"shapes":[{"ty":"gr","it":[{"ind":0,"ty":"sh","ix":1,"ks":{"a":0,"k":{"i":[[8.057,-11.581],[0,-4.33],[-5.942,0],[-2.921,2.82],[-5.035,0],[-2.618,5.539],[0.403,0.906],[1.108,-2.014],[3.625,0],[0,1.511],[-2.618,5.539],[1.712,2.014],[1.208,-2.014],[0,0],[3.625,0]],"o":[[-3.625,5.035],[0,5.942],[4.028,0],[0.806,3.726],[6.143,0],[1.41,-2.921],[-1.007,-2.115],[-3.323,6.546],[-1.007,0],[0,-6.747],[2.618,-5.237],[-1.208,-1.41],[0,0],[-0.906,-2.618],[-5.136,0]],"v":[[4.633,-23.868],[-0.806,-8.862],[8.359,1.41],[19.839,-4.532],[28.601,1.813],[43.808,-9.064],[44.211,-15.61],[41.19,-15.61],[29.205,-2.216],[27.795,-4.633],[38.873,-27.896],[38.873,-39.578],[34.744,-38.873],[32.831,-35.751],[26.083,-40.182]],"c":true},"ix":2},"nm":"a","mn":"ADBE Vector Shape - Group","hd":false},{"ind":1,"ty":"sh","ix":2,"ks":{"a":0,"k":{"i":[[3.323,0],[0,1.813],[-3.021,4.733],[-2.014,0],[0,-1.208],[3.928,-6.848]],"o":[[-1.007,0],[0,-3.223],[5.136,-8.258],[1.007,0],[0,2.618],[-4.935,8.459]],"v":[[9.668,-3.021],[8.258,-6.042],[12.991,-19.336],[27.09,-33.939],[28.299,-32.025],[22.559,-17.624]],"c":true},"ix":2},"nm":"a","mn":"ADBE Vector Shape - Group","hd":false}],"nm":"a","np":5,"cix":2,"bm":0,"ix":1,"mn":"ADBE Vector Group","hd":false}]},"fFamily":"SignPainter"},{"ch":"c","size":45,"style":"HouseScript Semibold","w":31.1,"data":{"shapes":[{"ty":"gr","it":[{"ind":0,"ty":"sh","ix":1,"ks":{"a":0,"k":{"i":[[3.726,0],[5.136,-10.373],[0,-3.625],[-9.265,0.101],[-3.827,6.042],[0.504,1.309],[0.906,-1.511],[7.553,0.101],[0,4.431],[-2.014,4.129],[-1.208,-1.007],[1.007,-2.014],[0,-1.309],[-1.813,-1.108],[-0.705,1.913],[-0.806,1.511],[1.511,3.323]],"o":[[-5.841,0],[-2.115,4.028],[0,8.057],[7.855,-0.101],[1.813,-2.82],[-0.604,-1.712],[-4.028,6.042],[-2.719,-0.101],[0,-3.021],[4.028,-8.157],[0.403,0.403],[-1.813,4.129],[0,2.719],[2.014,1.007],[0.403,-1.108],[1.913,-3.928],[-1.611,-3.021]],"v":[[21.35,-39.88],[2.417,-24.069],[-0.705,-12.387],[13.696,1.511],[33.536,-9.567],[34.845,-16.315],[31.824,-16.113],[13.293,-2.417],[8.762,-9.668],[11.783,-20.947],[23.566,-34.644],[22.256,-30.414],[19.94,-22.961],[23.465,-17.221],[27.09,-18.329],[28.903,-22.458],[30.917,-33.435]],"c":true},"ix":2},"nm":"c","mn":"ADBE Vector Shape - Group","hd":false}],"nm":"c","np":3,"cix":2,"bm":0,"ix":1,"mn":"ADBE Vector Group","hd":false}]},"fFamily":"SignPainter"},{"ch":"k","size":45,"style":"HouseScript Semibold","w":37.5,"data":{"shapes":[{"ty":"gr","it":[{"ind":0,"ty":"sh","ix":1,"ks":{"a":0,"k":{"i":[[0,3.928],[0.604,1.208],[1.611,-2.014],[4.532,-12.891],[0,-1.611],[-1.007,-1.108],[-0.705,1.41],[-2.719,4.834],[-7.452,-0.101],[-1.913,3.525],[0.504,1.309],[1.208,-2.417],[3.424,0],[0.403,7.553],[-3.223,3.122],[0,2.417],[0.806,1.511],[4.532,-1.611],[1.813,-1.309]],"o":[[0,-1.41],[-1.108,-2.115],[-8.862,12.186],[-1.007,2.921],[0,2.115],[1.208,1.511],[3.223,-7.553],[0,14.099],[8.56,0.101],[1.511,-2.618],[-0.906,-2.518],[-2.82,5.841],[-3.021,0],[5.942,-2.014],[2.518,-2.417],[0,-1.712],[-2.216,-4.633],[-1.712,0.604],[6.042,-10.977]],"v":[[31.824,-60.828],[30.817,-64.755],[26.486,-64.856],[-1.41,-11.38],[-2.719,-4.633],[-1.108,0],[2.417,-0.403],[11.078,-18.933],[24.573,1.108],[40.182,-9.567],[41.391,-16.013],[37.967,-15.912],[26.184,-3.021],[20.343,-16.113],[33.636,-24.069],[37.161,-31.421],[35.953,-36.255],[26.486,-40.887],[21.249,-38.269]],"c":true},"ix":2},"nm":"k","mn":"ADBE Vector Shape - Group","hd":false},{"ind":1,"ty":"sh","ix":2,"ks":{"a":0,"k":{"i":[[-0.806,-1.208],[4.028,-3.323],[2.921,-1.007],[-3.424,2.618]],"o":[[0.906,1.309],[-3.323,2.719],[3.021,-5.035],[4.633,-3.525]],"v":[[30.414,-35.953],[25.479,-27.997],[12.186,-21.149],[21.451,-32.428]],"c":true},"ix":2},"nm":"k","mn":"ADBE Vector Shape - Group","hd":false}],"nm":"k","np":5,"cix":2,"bm":0,"ix":1,"mn":"ADBE Vector Group","hd":false}]},"fFamily":"SignPainter"}]}