{"v":"5.5.6","fr":60,"ip":0,"op":200,"w":555,"h":83,"nm":"blueballon","ddd":0,"assets":[],"fonts":{"list":[{"fName":"MyriadPro-Regular","fFamily":"Myriad Pro","fStyle":"Regular","ascent":71.009145507589}]},"layers":[{"ddd":0,"ind":1,"ty":3,"nm":"Null 1","sr":1,"ks":{"o":{"a":0,"k":0,"ix":11},"r":{"a":0,"k":0,"ix":10},"p":{"a":0,"k":[277.5,41.5,0],"ix":2},"a":{"a":0,"k":[0,0,0],"ix":1},"s":{"a":0,"k":[81,81,100],"ix":6}},"ao":0,"ip":0,"op":200,"st":0,"bm":0},{"ddd":0,"ind":2,"ty":5,"nm":"Please Choose what meetings you would like to attend.","parent":3,"sr":1,"ks":{"o":{"a":0,"k":100,"ix":11},"r":{"a":0,"k":0,"ix":10},"p":{"a":0,"k":[337.154,55.472,0],"ix":2},"a":{"a":0,"k":[0,0,0],"ix":1},"s":{"a":0,"k":[100,100,100],"ix":6}},"ao":0,"t":{"d":{"k":[{"s":{"s":27,"f":"MyriadPro-Regular","t":"Please Choose what meetings you would like to attend.","j":2,"tr":0,"lh":32.4,"ls":0,"fc":[1,1,1],"sc":[1,1,1],"sw":0.00999999977648,"of":true},"t":0}]},"p":{},"m":{"g":1,"a":{"a":0,"k":[0,0],"ix":2}},"a":[]},"ip":0,"op":200,"st":0,"bm":0},{"ddd":0,"ind":3,"ty":1,"nm":"Auto-traced blueballon.png","cl":"png","parent":1,"sr":1,"ks":{"o":{"a":0,"k":100,"ix":11},"r":{"a":0,"k":0,"ix":10},"p":{"a":0,"k":[335.282,45.676,0],"ix":2},"a":{"a":0,"k":[673,96,0],"ix":1},"s":{"a":1,"k":[{"i":{"x":[0.667,0.667,0.667],"y":[1,1,1]},"o":{"x":[0.333,0.333,0.333],"y":[0,0,0]},"t":0,"s":[0,0,100]},{"i":{"x":[0.667,0.667,0.667],"y":[1,1,1]},"o":{"x":[0.333,0.333,0.333],"y":[0,0,0]},"t":63.547,"s":[95,95,100]},{"i":{"x":[0.667,0.667,0.667],"y":[1,1,1]},"o":{"x":[0.333,0.333,0.333],"y":[0,0,0]},"t":98.5,"s":[100,100,100]},{"i":{"x":[0.667,0.667,0.667],"y":[1,1,1]},"o":{"x":[0.333,0.333,0.333],"y":[0,0,0]},"t":149.174,"s":[95,95,100]},{"t":199,"s":[100,100,100]}],"ix":6}},"ao":0,"hasMask":true,"masksProperties":[{"inv":false,"mode":"f","pt":{"a":0,"k":{"i":[[211.998,0],[3.194,-10.806],[0,-15.667],[-0.936,-2.297],[-1.348,-1.863],[-3.616,-1.412],[-14.759,0],[-90.473,0],[-102.302,1.912],[-0.772,-0.133],[-2.841,-1.744],[-2.194,-2.644],[0.163,1.163],[-5.652,8.132],[0,15.667],[11.035,2.965]],"o":[[-10.86,3.14],[0,15.667],[2.064,2.177],[0.86,2.11],[2.306,3.187],[7.543,2.944],[94.572,0],[104.102,0],[3.355,-0.063],[2.964,0.509],[2.649,1.626],[0.779,-0.221],[-2.886,-9.667],[0,-15.667],[-3.028,-10.972],[-211.999,0]],"v":[[20,0],[0,22],[0,69],[2,76],[6,81],[15,90],[54,91],[337,91],[649,91],[659,90],[667,95],[675,100],[676,98],[676,69],[676,22],[656,0]],"c":true},"ix":1},"o":{"a":0,"k":100,"ix":3},"x":{"a":0,"k":0,"ix":4},"nm":"Mask 1"}],"sw":676,"sh":100,"sc":"#3985c3","ip":0,"op":200,"st":0,"bm":0}],"markers":[],"chars":[{"ch":"P","size":27,"style":"Regular","w":53.2,"data":{"shapes":[{"ty":"gr","it":[{"ind":0,"ty":"sh","ix":1,"ks":{"a":0,"k":{"i":[[0,0],[0,0],[0,0],[-2.618,0],[-4.633,4.935],[0,6.143],[3.726,3.223],[8.661,0],[4.23,-0.705]],"o":[[0,0],[0,0],[2.014,0.504],[8.56,0],[3.424,-3.525],[0,-6.042],[-4.028,-3.625],[-7.05,0],[0,0]],"v":[[7.654,0],[16.415,0],[16.415,-27.191],[23.465,-26.587],[44.211,-34.039],[49.448,-48.541],[43.506,-62.741],[24.472,-68.381],[7.654,-67.072]],"c":true},"ix":2},"nm":"P","mn":"ADBE Vector Shape - Group","hd":false},{"ind":1,"ty":"sh","ix":2,"ks":{"a":0,"k":{"i":[[0,0],[-3.827,0],[0,-8.963],[10.574,0],[1.913,0.504]],"o":[[1.511,-0.403],[9.668,0],[0,9.366],[-2.921,0],[0,0]],"v":[[16.415,-60.727],[24.673,-61.432],[40.686,-48.138],[23.666,-33.636],[16.415,-34.341]],"c":true},"ix":2},"nm":"P","mn":"ADBE Vector Shape - Group","hd":false}],"nm":"P","np":5,"cix":2,"bm":0,"ix":1,"mn":"ADBE Vector Group","hd":false}]},"fFamily":"Myriad Pro"},{"ch":"l","size":27,"style":"Regular","w":23.6,"data":{"shapes":[{"ty":"gr","it":[{"ind":0,"ty":"sh","ix":1,"ks":{"a":0,"k":{"i":[[0,0],[0,0],[0,0],[0,0]],"o":[[0,0],[0,0],[0,0],[0,0]],"v":[[7.352,0],[16.214,0],[16.214,-71.503],[7.352,-71.503]],"c":true},"ix":2},"nm":"l","mn":"ADBE Vector Shape - Group","hd":false}],"nm":"l","np":3,"cix":2,"bm":0,"ix":1,"mn":"ADBE Vector Group","hd":false}]},"fFamily":"Myriad Pro"},{"ch":"e","size":27,"style":"Regular","w":50.1,"data":{"shapes":[{"ty":"gr","it":[{"ind":0,"ty":"sh","ix":1,"ks":{"a":0,"k":{"i":[[0,0],[0,1.813],[15.912,0],[0,-14.703],[-15.005,0],[-3.122,1.41],[0,0],[6.345,0],[0.201,11.984]],"o":[[0.101,-0.906],[0,-8.963],[-14.2,0],[0,14.703],[7.755,0],[0,0],[-3.323,1.41],[-8.862,0],[0,0]],"v":[[46.527,-22.76],[46.829,-26.889],[26.688,-49.85],[3.827,-23.566],[27.795,1.007],[44.009,-2.014],[42.499,-8.359],[29.004,-5.841],[12.286,-22.76]],"c":true},"ix":2},"nm":"e","mn":"ADBE Vector Shape - Group","hd":false},{"ind":1,"ty":"sh","ix":2,"ks":{"a":0,"k":{"i":[[0,0],[-8.963,0],[0.101,-5.64]],"o":[[0.705,-6.143],[9.97,0],[0,0]],"v":[[12.387,-29.105],[25.983,-43.506],[38.269,-29.105]],"c":true},"ix":2},"nm":"e","mn":"ADBE Vector Shape - Group","hd":false}],"nm":"e","np":5,"cix":2,"bm":0,"ix":1,"mn":"ADBE Vector Group","hd":false}]},"fFamily":"Myriad Pro"},{"ch":"a","size":27,"style":"Regular","w":48.2,"data":{"shapes":[{"ty":"gr","it":[{"ind":0,"ty":"sh","ix":1,"ks":{"a":0,"k":{"i":[[0,0],[0,4.23],[0,0],[14.905,0],[4.028,-2.618],[0,0],[-4.532,0],[0,-4.028],[0,0],[0,-11.783],[-9.869,0],[-2.719,3.827],[0,0],[0,0]],"o":[[-0.604,-3.323],[0,0],[0,-9.769],[-6.143,0],[0,0],[3.424,-2.216],[9.97,0],[0,0],[-18.832,-0.101],[0,7.05],[6.949,0],[0,0],[0,0],[0,0]],"v":[[42.398,0],[41.592,-11.682],[41.592,-29.91],[23.062,-49.85],[7.05,-45.52],[9.064,-39.679],[21.753,-43.304],[32.831,-32.025],[32.831,-31.018],[3.525,-12.891],[18.43,1.108],[33.334,-6.143],[33.636,-6.143],[34.341,0]],"c":true},"ix":2},"nm":"a","mn":"ADBE Vector Shape - Group","hd":false},{"ind":1,"ty":"sh","ix":2,"ks":{"a":0,"k":{"i":[[0,0],[0.302,-0.906],[6.345,0],[0,5.74],[-9.668,-0.201]],"o":[[0,0.906],[-1.41,4.129],[-4.532,0],[0,-9.467],[0,0]],"v":[[33.032,-16.415],[32.529,-13.596],[20.746,-5.438],[12.387,-13.898],[33.032,-24.875]],"c":true},"ix":2},"nm":"a","mn":"ADBE Vector Shape - Group","hd":false}],"nm":"a","np":5,"cix":2,"bm":0,"ix":1,"mn":"ADBE Vector Group","hd":false}]},"fFamily":"Myriad Pro"},{"ch":"s","size":27,"style":"Regular","w":39.6,"data":{"shapes":[{"ty":"gr","it":[{"ind":0,"ty":"sh","ix":1,"ks":{"a":0,"k":{"i":[[0,0],[-5.338,0],[0,8.56],[8.459,3.223],[0,4.028],[-5.237,0],[-1.913,-1.208],[0,0],[4.935,0],[0,-7.855],[-8.762,-3.122],[0,-4.23],[6.445,0],[2.618,1.712]],"o":[[3.424,2.014],[11.581,0],[0,-7.251],[-6.345,-2.417],[0,-3.625],[4.532,0],[0,0],[-2.719,-1.611],[-10.474,0],[0,5.841],[6.546,2.417],[0,4.028],[-4.431,0],[0,0]],"v":[[3.928,-2.316],[17.624,1.007],[35.852,-13.596],[23.062,-28.299],[13.797,-36.557],[21.954,-43.204],[31.924,-40.384],[34.14,-46.829],[22.156,-49.85],[5.338,-35.55],[18.228,-21.753],[27.292,-12.79],[17.825,-5.539],[6.143,-9.064]],"c":true},"ix":2},"nm":"s","mn":"ADBE Vector Shape - Group","hd":false}],"nm":"s","np":3,"cix":2,"bm":0,"ix":1,"mn":"ADBE Vector Group","hd":false}]},"fFamily":"Myriad Pro"},{"ch":" ","size":27,"style":"Regular","w":21.2,"data":{},"fFamily":"Myriad Pro"},{"ch":"C","size":27,"style":"Regular","w":55.9,"data":{"shapes":[{"ty":"gr","it":[{"ind":0,"ty":"sh","ix":1,"ks":{"a":0,"k":{"i":[[0,0],[5.338,0],[0,16.617],[-15.912,0],[-3.323,-1.611],[0,0],[8.459,0],[0,-21.249],[-19.135,0],[-3.223,1.611]],"o":[[-3.525,1.712],[-16.516,0],[0,-17.825],[5.64,0],[0,0],[-2.316,-1.208],[-21.048,0],[0,22.256],[8.258,0],[0,0]],"v":[[53.275,-9.164],[38.974,-6.345],[12.891,-33.636],[39.377,-61.633],[53.073,-58.813],[55.188,-65.964],[39.075,-68.985],[3.625,-33.334],[37.161,1.007],[55.087,-2.216]],"c":true},"ix":2},"nm":"C","mn":"ADBE Vector Shape - Group","hd":false}],"nm":"C","np":3,"cix":2,"bm":0,"ix":1,"mn":"ADBE Vector Group","hd":false}]},"fFamily":"Myriad Pro"},{"ch":"h","size":27,"style":"Regular","w":55.5,"data":{"shapes":[{"ty":"gr","it":[{"ind":0,"ty":"sh","ix":1,"ks":{"a":0,"k":{"i":[[0,0],[0,0],[0,0],[-0.504,1.208],[-5.74,0],[0,-7.855],[0,0],[0,0],[0,0],[6.546,0],[2.618,-1.511],[1.41,-2.518],[0,0],[0,0],[0,0]],"o":[[0,0],[0,0],[0,-1.712],[1.611,-4.834],[8.359,0],[0,0],[0,0],[0,0],[0,-16.818],[-3.323,0],[-2.719,1.511],[0,0],[0,0],[0,0],[0,0]],"v":[[7.352,0],[16.214,0],[16.214,-29.407],[16.818,-33.636],[28.702,-42.499],[39.981,-27.997],[39.981,0],[48.843,0],[48.843,-29.004],[31.824,-49.85],[22.76,-47.333],[16.415,-41.089],[16.214,-41.089],[16.214,-71.503],[7.352,-71.503]],"c":true},"ix":2},"nm":"h","mn":"ADBE Vector Shape - Group","hd":false}],"nm":"h","np":3,"cix":2,"bm":0,"ix":1,"mn":"ADBE Vector Group","hd":false}]},"fFamily":"Myriad Pro"},{"ch":"o","size":27,"style":"Regular","w":54.9,"data":{"shapes":[{"ty":"gr","it":[{"ind":0,"ty":"sh","ix":1,"ks":{"a":0,"k":{"i":[[13.998,0],[0,-16.315],[-13.193,0],[0,18.027]],"o":[[-13.495,0],[0,15.408],[11.783,0],[0,-14.905]],"v":[[27.997,-49.85],[3.827,-23.969],[27.191,1.108],[51.462,-24.774]],"c":true},"ix":2},"nm":"o","mn":"ADBE Vector Shape - Group","hd":false},{"ind":1,"ty":"sh","ix":2,"ks":{"a":0,"k":{"i":[[-10.474,0],[0,-8.258],[8.459,0],[0,10.675]],"o":[[10.474,0],[0,10.977],[-8.661,0],[0,-9.265]],"v":[[27.795,-43.204],[42.398,-24.472],[27.594,-5.539],[12.79,-24.271]],"c":true},"ix":2},"nm":"o","mn":"ADBE Vector Shape - Group","hd":false}],"nm":"o","np":5,"cix":2,"bm":0,"ix":1,"mn":"ADBE Vector Group","hd":false}]},"fFamily":"Myriad Pro"},{"ch":"w","size":27,"style":"Regular","w":74.8,"data":{"shapes":[{"ty":"gr","it":[{"ind":0,"ty":"sh","ix":1,"ks":{"a":0,"k":{"i":[[0,0],[0,0],[0,0],[0,0],[-1.208,5.841],[0,0],[-1.712,-5.438],[0,0],[0,0],[0,0],[0,0],[0,0],[0.806,-4.935],[0,0],[1.813,5.841],[0,0],[0,0],[0,0],[1.108,-4.935],[0,0],[1.41,5.438],[0,0]],"o":[[0,0],[0,0],[0,0],[1.712,-5.237],[0,0],[1.208,5.74],[0,0],[0,0],[0,0],[0,0],[0,0],[-1.611,5.74],[0,0],[-1.108,-4.935],[0,0],[0,0],[0,0],[-1.611,5.237],[0,0],[-0.906,-5.035],[0,0],[0,0]],"v":[[1.813,-48.743],[16.516,0],[24.573,0],[32.428,-23.163],[36.859,-39.276],[37.061,-39.276],[41.391,-23.264],[48.843,0],[56.9,0],[72.61,-48.743],[63.849,-48.743],[56.9,-24.271],[53.174,-8.459],[52.872,-8.459],[48.541,-24.371],[40.988,-48.743],[33.536,-48.743],[25.58,-23.868],[21.249,-8.459],[20.947,-8.459],[17.322,-23.969],[10.876,-48.743]],"c":true},"ix":2},"nm":"w","mn":"ADBE Vector Shape - Group","hd":false}],"nm":"w","np":3,"cix":2,"bm":0,"ix":1,"mn":"ADBE Vector Group","hd":false}]},"fFamily":"Myriad Pro"},{"ch":"t","size":27,"style":"Regular","w":33.1,"data":{"shapes":[{"ty":"gr","it":[{"ind":0,"ty":"sh","ix":1,"ks":{"a":0,"k":{"i":[[0,0],[0,0],[0,0],[0,0],[0,0],[0,0],[-2.518,-2.618],[-4.129,0],[-1.712,0.705],[0,0],[2.316,0],[0,6.042],[0,0],[0,0],[0,0],[0,0],[0,0]],"o":[[0,0],[0,0],[0,0],[0,0],[0,0],[0,5.74],[2.115,2.417],[3.424,0],[0,0],[-1.108,0.302],[-4.935,0],[0,0],[0,0],[0,0],[0,0],[0,0],[0,0]],"v":[[9.366,-60.425],[9.366,-48.743],[1.813,-48.743],[1.813,-41.995],[9.366,-41.995],[9.366,-15.408],[12.79,-2.719],[22.357,1.007],[30.212,-0.201],[29.81,-6.848],[24.673,-6.244],[18.027,-15.71],[18.027,-41.995],[30.716,-41.995],[30.716,-48.743],[18.027,-48.743],[18.027,-62.741]],"c":true},"ix":2},"nm":"t","mn":"ADBE Vector Shape - Group","hd":false}],"nm":"t","np":3,"cix":2,"bm":0,"ix":1,"mn":"ADBE Vector Group","hd":false}]},"fFamily":"Myriad Pro"},{"ch":"m","size":27,"style":"Regular","w":83.4,"data":{"shapes":[{"ty":"gr","it":[{"ind":0,"ty":"sh","ix":1,"ks":{"a":0,"k":{"i":[[0,0],[0,0],[0,0],[-0.504,1.309],[-5.539,0],[0,-7.755],[0,0],[0,0],[0,0],[-0.403,1.208],[-5.035,0],[0,-9.366],[0,0],[0,0],[0,0],[6.445,0],[2.921,-2.216],[1.511,-2.719],[0,0],[6.647,0],[2.719,-4.633],[0,0],[0,0],[0,0],[0,-5.035]],"o":[[0,0],[0,0],[0,-1.511],[1.41,-4.431],[6.747,0],[0,0],[0,0],[0,0],[0,-1.611],[1.511,-4.33],[7.15,0],[0,0],[0,0],[0,0],[0,-16.919],[-4.633,0],[-2.014,1.511],[0,0],[-2.115,-5.74],[-8.057,0],[0,0],[0,0],[0,0],[0.302,4.028],[0,0]],"v":[[7.352,0],[16.013,0],[16.013,-29.407],[16.718,-33.737],[27.695,-42.599],[37.866,-29.205],[37.866,0],[46.527,0],[46.527,-30.112],[47.232,-34.543],[57.706,-42.599],[68.28,-27.594],[68.28,0],[76.941,0],[76.941,-28.702],[60.928,-49.85],[50.153,-46.426],[44.714,-40.082],[44.513,-40.082],[30.716,-49.85],[15.408,-40.887],[15.106,-40.887],[14.703,-48.743],[6.949,-48.743],[7.352,-35.55]],"c":true},"ix":2},"nm":"m","mn":"ADBE Vector Shape - Group","hd":false}],"nm":"m","np":3,"cix":2,"bm":0,"ix":1,"mn":"ADBE Vector Group","hd":false}]},"fFamily":"Myriad Pro"},{"ch":"i","size":27,"style":"Regular","w":23.4,"data":{"shapes":[{"ty":"gr","it":[{"ind":0,"ty":"sh","ix":1,"ks":{"a":0,"k":{"i":[[0,0],[0,0],[0,0],[0,0]],"o":[[0,0],[0,0],[0,0],[0,0]],"v":[[16.214,0],[16.214,-48.743],[7.352,-48.743],[7.352,0]],"c":true},"ix":2},"nm":"i","mn":"ADBE Vector Shape - Group","hd":false},{"ind":1,"ty":"sh","ix":2,"ks":{"a":0,"k":{"i":[[3.323,0],[0,-3.122],[-3.122,0],[0.101,3.021]],"o":[[-3.223,0],[0,3.021],[3.525,0],[0,-3.122]],"v":[[11.783,-67.978],[6.244,-62.439],[11.581,-57.001],[17.221,-62.439]],"c":true},"ix":2},"nm":"i","mn":"ADBE Vector Shape - Group","hd":false}],"nm":"i","np":5,"cix":2,"bm":0,"ix":1,"mn":"ADBE Vector Group","hd":false}]},"fFamily":"Myriad Pro"},{"ch":"n","size":27,"style":"Regular","w":55.5,"data":{"shapes":[{"ty":"gr","it":[{"ind":0,"ty":"sh","ix":1,"ks":{"a":0,"k":{"i":[[0,0],[0,0],[0,0],[-0.403,1.108],[-5.841,0],[0,-7.855],[0,0],[0,0],[0,0],[6.747,0],[2.417,-4.633],[0,0],[0,0],[0,0],[0,-5.035]],"o":[[0,0],[0,0],[0,-1.511],[1.511,-4.935],[8.359,0],[0,0],[0,0],[0,0],[0,-16.718],[-8.057,0],[0,0],[0,0],[0,0],[0.302,4.028],[0,0]],"v":[[7.352,0],[16.214,0],[16.214,-29.306],[16.818,-33.435],[28.702,-42.499],[39.981,-28.098],[39.981,0],[48.843,0],[48.843,-29.105],[31.622,-49.85],[15.509,-40.686],[15.308,-40.686],[14.804,-48.743],[6.949,-48.743],[7.352,-35.55]],"c":true},"ix":2},"nm":"n","mn":"ADBE Vector Shape - Group","hd":false}],"nm":"n","np":3,"cix":2,"bm":0,"ix":1,"mn":"ADBE Vector Group","hd":false}]},"fFamily":"Myriad Pro"},{"ch":"g","size":27,"style":"Regular","w":55.9,"data":{"shapes":[{"ty":"gr","it":[{"ind":0,"ty":"sh","ix":1,"ks":{"a":0,"k":{"i":[[0,0],[0,0],[0,0],[8.459,0],[0,-16.516],[-12.085,0],[-2.719,4.532],[0,0],[0,0],[9.064,0],[3.223,2.014],[0,0],[-5.841,0],[-4.733,4.431],[0,11.179],[0,0],[-0.201,3.525]],"o":[[0,0],[0,0],[-2.115,-4.028],[-11.179,0],[0,13.495],[7.553,0],[0,0],[0,0],[0,12.286],[-6.042,0],[0,0],[3.928,2.618],[6.143,0],[4.733,-4.23],[0,0],[0,-5.942],[0,0]],"v":[[41.592,-48.743],[41.19,-41.391],[40.988,-41.391],[25.781,-49.85],[3.827,-23.969],[24.573,-0.201],[40.082,-8.359],[40.283,-8.359],[40.283,-2.921],[24.573,14.099],[10.272,10.272],[8.057,17.02],[24.271,21.048],[41.995,15.207],[48.944,-7.05],[48.944,-35.349],[49.347,-48.743]],"c":true},"ix":2},"nm":"g","mn":"ADBE Vector Shape - Group","hd":false},{"ind":1,"ty":"sh","ix":2,"ks":{"a":0,"k":{"i":[[0,0],[0.504,-1.511],[5.438,0],[0,9.567],[-8.459,0],[-1.611,-5.136],[0,-1.511]],"o":[[0,1.511],[-1.913,5.64],[-9.567,0],[0,-11.279],[6.445,0],[0.403,1.208],[0,0]],"v":[[40.182,-20.746],[39.478,-16.013],[27.191,-6.949],[12.79,-24.472],[27.292,-42.902],[39.679,-33.536],[40.182,-29.507]],"c":true},"ix":2},"nm":"g","mn":"ADBE Vector Shape - Group","hd":false}],"nm":"g","np":5,"cix":2,"bm":0,"ix":1,"mn":"ADBE Vector Group","hd":false}]},"fFamily":"Myriad Pro"},{"ch":"y","size":27,"style":"Regular","w":48.3,"data":{"shapes":[{"ty":"gr","it":[{"ind":0,"ty":"sh","ix":1,"ks":{"a":0,"k":{"i":[[0,0],[0,0],[0,-0.504],[0.403,-0.906],[2.417,-1.913],[2.216,-0.705],[0,0],[-4.33,3.827],[-6.345,16.718],[0,0],[0,0],[0,0],[0.906,-2.921],[0,0],[1.108,3.223],[0,0]],"o":[[0,0],[0.403,1.108],[0,0.504],[-2.014,4.532],[-2.618,2.216],[0,0],[2.216,-0.403],[6.042,-5.237],[0,0],[0,0],[0,0],[-1.208,3.525],[0,0],[-0.806,-2.921],[0,0],[0,0]],"v":[[0.906,-48.743],[18.933,-3.827],[19.537,-1.511],[18.832,0.604],[11.38,10.474],[3.625,14.804],[5.841,22.256],[16.718,16.516],[33.435,-13.998],[46.729,-48.743],[37.363,-48.743],[27.695,-20.142],[24.573,-9.97],[24.371,-9.97],[21.249,-19.94],[10.574,-48.743]],"c":true},"ix":2},"nm":"y","mn":"ADBE Vector Shape - Group","hd":false}],"nm":"y","np":3,"cix":2,"bm":0,"ix":1,"mn":"ADBE Vector Group","hd":false}]},"fFamily":"Myriad Pro"},{"ch":"u","size":27,"style":"Regular","w":55.1,"data":{"shapes":[{"ty":"gr","it":[{"ind":0,"ty":"sh","ix":1,"ks":{"a":0,"k":{"i":[[0,0],[0,0],[0,0],[0.504,-1.309],[5.942,0],[0,9.265],[0,0],[0,0],[0,0],[-7.654,0],[-2.316,3.928],[0,0],[0,0],[0,0],[0,5.035]],"o":[[0,0],[0,0],[0,1.611],[-1.611,3.928],[-8.057,0],[0,0],[0,0],[0,0],[0,17.12],[8.661,0],[0,0],[0,0],[0,0],[-0.302,-3.827],[0,0]],"v":[[48.138,-48.743],[39.276,-48.743],[39.276,-18.832],[38.47,-14.301],[26.788,-6.244],[15.912,-21.753],[15.912,-48.743],[7.05,-48.743],[7.05,-20.242],[23.868,1.108],[39.981,-7.956],[40.182,-7.956],[40.686,0],[48.541,0],[48.138,-13.293]],"c":true},"ix":2},"nm":"u","mn":"ADBE Vector Shape - Group","hd":false}],"nm":"u","np":3,"cix":2,"bm":0,"ix":1,"mn":"ADBE Vector Group","hd":false}]},"fFamily":"Myriad Pro"},{"ch":"d","size":27,"style":"Regular","w":56.4,"data":{"shapes":[{"ty":"gr","it":[{"ind":0,"ty":"sh","ix":1,"ks":{"a":0,"k":{"i":[[0,0],[0,0],[0,0],[7.452,0],[-0.101,-16.214],[-11.783,0],[-2.719,5.438],[0,0],[0,0],[0,0],[0,4.33],[0,0]],"o":[[0,0],[0,0],[-2.216,-3.928],[-11.884,0],[0,14.804],[7.956,0],[0,0],[0,0],[0,0],[-0.302,-3.323],[0,0],[0,0]],"v":[[40.585,-71.503],[40.585,-42.398],[40.384,-42.398],[25.681,-49.85],[3.827,-23.666],[24.673,1.108],[41.29,-8.459],[41.492,-8.459],[41.895,0],[49.85,0],[49.448,-12.589],[49.448,-71.503]],"c":true},"ix":2},"nm":"d","mn":"ADBE Vector Shape - Group","hd":false},{"ind":1,"ty":"sh","ix":2,"ks":{"a":0,"k":{"i":[[0,0],[0.302,-1.208],[5.942,0],[0,9.869],[-9.164,0],[-1.309,-5.64],[0,-1.108]],"o":[[0,1.41],[-1.611,6.647],[-9.567,0],[0,-10.776],[6.647,0],[0.302,1.108],[0,0]],"v":[[40.585,-20.444],[40.182,-16.617],[27.191,-6.042],[12.79,-24.069],[27.393,-42.902],[40.182,-32.629],[40.585,-28.903]],"c":true},"ix":2},"nm":"d","mn":"ADBE Vector Shape - Group","hd":false}],"nm":"d","np":5,"cix":2,"bm":0,"ix":1,"mn":"ADBE Vector Group","hd":false}]},"fFamily":"Myriad Pro"},{"ch":"k","size":27,"style":"Regular","w":48.6,"data":{"shapes":[{"ty":"gr","it":[{"ind":0,"ty":"sh","ix":1,"ks":{"a":0,"k":{"i":[[0,0],[0,0],[0,0],[0,0],[0,0],[0,0],[0,0],[0,0],[0,0],[0,0],[0,0],[0,0],[1.208,-1.712],[0,0]],"o":[[0,0],[0,0],[0,0],[0,0],[0,0],[0,0],[0,0],[0,0],[0,0],[0,0],[0,0],[-1.41,1.712],[0,0],[0,0]],"v":[[16.113,-71.503],[7.352,-71.503],[7.352,0],[16.113,0],[16.113,-18.329],[20.645,-23.364],[37.463,0],[48.239,0],[26.788,-28.702],[45.621,-48.743],[34.946,-48.743],[20.645,-31.924],[16.315,-26.385],[16.113,-26.385]],"c":true},"ix":2},"nm":"k","mn":"ADBE Vector Shape - Group","hd":false}],"nm":"k","np":3,"cix":2,"bm":0,"ix":1,"mn":"ADBE Vector Group","hd":false}]},"fFamily":"Myriad Pro"},{"ch":".","size":27,"style":"Regular","w":20.7,"data":{"shapes":[{"ty":"gr","it":[{"ind":0,"ty":"sh","ix":1,"ks":{"a":0,"k":{"i":[[-3.525,0],[0,3.625],[3.525,0],[0,-3.726]],"o":[[3.726,0],[0,-3.726],[-3.525,0],[0,3.625]],"v":[[11.179,1.108],[17.221,-5.237],[11.279,-11.581],[5.237,-5.237]],"c":true},"ix":2},"nm":".","mn":"ADBE Vector Shape - Group","hd":false}],"nm":".","np":3,"cix":2,"bm":0,"ix":1,"mn":"ADBE Vector Group","hd":false}]},"fFamily":"Myriad Pro"}]}