{"v":"5.5.6","fr":60,"ip":0,"op":52,"w":200,"h":200,"nm":"Comp 1","ddd":0,"assets":[],"layers":[{"ddd":0,"ind":1,"ty":1,"nm":"Medium Orange Solid 1","sr":1,"ks":{"o":{"a":0,"k":100,"ix":11},"r":{"a":0,"k":0,"ix":10},"p":{"a":0,"k":[100,100,0],"ix":2},"a":{"a":0,"k":[100,100,0],"ix":1},"s":{"a":0,"k":[100,100,100],"ix":6}},"ao":0,"hasMask":true,"masksProperties":[{"inv":false,"mode":"a","pt":{"a":1,"k":[{"i":{"x":0.833,"y":0.833},"o":{"x":0.167,"y":0.167},"t":0,"s":[{"i":[[98.859,0],[0,-98.859],[-98.859,0],[0,98.859]],"o":[[-98.859,0],[0,98.859],[98.859,0],[0,-98.859]],"v":[[100,-79],[-79,100],[100,279],[279,100]],"c":true}]},{"t":51,"s":[{"i":[[-0.552,0],[0,0.552],[0.552,0],[0,-0.552]],"o":[[0.552,0],[0,-0.552],[-0.552,0],[0,0.552]],"v":[[100,101],[101,100],[100,99],[99,100]],"c":true}]}],"ix":1},"o":{"a":0,"k":100,"ix":3},"x":{"a":0,"k":0,"ix":4},"nm":"Mask 1"}],"sw":200,"sh":200,"sc":"#ed7844","ip":0,"op":52,"st":0,"bm":0}],"markers":[]}